Workbook

Sheet Sócios
B2: Nº de Sócio | C2: Nome Completo | D2: Nome abreviado
B3: 1 | C3: Rui César Salvado Alves | D3: Rui Alves
B4: 2 | C4: Rodrigo Bela Ferreira Gonçalves Capelas | D4: Rodrigo Capelas
B5: 3 | C5: José Miguel Rebelo Pires Santos Silva | D5: José Silva
B6: 4 | C6: Henrique Alexandre Ventura Medeiros Carvalho | D6: Henrique Carvalho
B7: 5 | C7: João Miguel Pinto Castro | D7: João Castro
B8: 6 | C8: Nicolau Teixeira | D8: Nicolau Teixeira
B9: 7 | C9: Inês César de Oliveira | D9: Inês Oliveira
B10: 8 | C10: David Moreira | D10: David Moreira
B11: 9 | C11: João Nakamura | D11: João Nakamura
B12: 10 | C12: Mateus Jurkowski Rocchi | D12: Mateus Rocchi
B13: 11 | C13: Catarina
B14: 12 | C14: Gsus
B15: 13 | C15: Wallace
B16: 14
B17: 15
B18: 16
B19: 17

Sheet Cargos Associativos
B2: Órgãos Sociais
C3: Cargo | D3: Nº | E3: Nome
B4: Mesa de Assembleia Geral | C4: Presidente | E4: Inês César
C5: 1º Secretário | E5: David Moreira
C6: 2º Secretário | E6: Diogo rouxinol
B7: Conselho Fiscal | C7: Presidente | E7: Henrique Medeiros
C8: 1º Secretário | E8: João Aurélio
C9: 2º Secretário
B10: Direção | C10: Presidente | D10: 1 | E10: Rui Alves
C11: 1º Secretário | D11: 5 | E11: João Castro
C12: Tesoureiro | D12: 3 | E12: João Nakamura
B15: Orgãos internos
B16: Rádio | C16: Representante | E16: David Moreira
B17: Marketing | C17: Representante | E17: Catarina
C18: Representante | E18: Henrique
B19: Eventos | C19: Representante | E19: Rui Alves
B20: Operações | C20: Representante | E20: João Castro
C21: Representante | E21: Inês César

Sheet Quotas 2026
D2: Mês
B3: Nº | C3: Nome | D3: mar | E3: abr | F3: mai | G3: jun | H3: jul | I3: ago | J3: set | K3: out | L3: nov | M3: dez | N3: Total Saldado
B4: =Sócios!B3 -> 1 | C4: =Sócios!D3 -> Rui Alves | N4: =SUM(D4:M4) -> 0
B5: =Sócios!B4 -> 2 | C5: =Sócios!D4 -> Rodrigo Capelas | N5: =SUM(D5:M5) -> 0
B6: =Sócios!B5 -> 3 | C6: =Sócios!D5 -> José Silva | N6: =SUM(D6:M6) -> 0
B7: =Sócios!B6 -> 4 | C7: =Sócios!D6 -> Henrique Carvalho | N7: =SUM(D7:M7) -> 0
B8: =Sócios!B7 -> 5 | C8: =Sócios!D7 -> João Castro | N8: =SUM(D8:M8) -> 0
B9: =Sócios!B8 -> 6 | C9: =Sócios!D8 -> Nicolau Teixeira | N9: =SUM(D9:M9) -> 0
B10: =Sócios!B9 -> 7 | C10: =Sócios!D9 -> Inês Oliveira | N10: =SUM(D10:M10) -> 0
B11: =Sócios!B10 -> 8 | C11: =Sócios!D10 -> David Moreira | N11: =SUM(D11:M11) -> 0
B12: =Sócios!B11 -> 9 | C12: =Sócios!D11 -> João Nakamura | N12: =SUM(D12:M12) -> 0
B13: =Sócios!B12 -> 10 | C13: =Sócios!D12 -> Mateus Rocchi | N13: =SUM(D13:M13) -> 0
B14: =Sócios!B13 -> 11 | C14: =Sócios!D13 -> 0
B15: =Sócios!B14 -> 12 | C15: =Sócios!D14 -> 0
B16: =Sócios!B15 -> 13 | C16: =Sócios!D15 -> 0
B17: =Sócios!B16 -> 14 | C17: =Sócios!D16 -> 0
B18: =Sócios!B17 -> 15 | C18: =Sócios!D17 -> 0
B19: =Sócios!B18 -> 16 | C19: =Sócios!D18 -> 0
B20: =Sócios!B19 -> 17 | C20: =Sócios!D19 -> 0

Sheet Quotas anos anteriores
A1: Qua
